"Date","Americas_chge","Americas_7d_ave","Europe_chge","Europe_7d_ave","Asia_chge","Asia_7d_ave","Africa_chge","Africa_7d_ave","Oceania_chge","Oceania_7d_ave","World_chge","World_7d_ave"
2020-01-22,NA,NA,NA,NA,NA,NA,NA,NA,NA,NA,NA,NA
2020-01-23,0,NA,0,NA,98,NA,0,NA,0,NA,98,NA
2020-01-24,1,NA,2,NA,281,NA,0,NA,0,NA,286,NA
2020-01-25,0,NA,1,NA,491,NA,0,NA,0,NA,492,NA
2020-01-26,4,NA,0,NA,676,NA,0,NA,4,NA,685,NA
2020-01-27,0,NA,1,NA,806,NA,0,NA,1,NA,809,NA
2020-01-28,1,NA,4,NA,2643,NA,0,NA,0,NA,2651,NA
2020-01-29,1,1,2,1.42857142857143,585,797.142857142857,0,0,1,0.857142857142857,589,801.428571428571
2020-01-30,0,1,0,1.42857142857143,2064,1078,0,0,3,1.28571428571429,2068,1082.85714285714
2020-01-31,4,1.42857142857143,7,2.14285714285714,1680,1277.85714285714,0,0,0,1.28571428571429,1692,1283.71428571429
2020-02-01,0,1.42857142857143,6,2.85714285714286,2102,1508,0,0,3,1.71428571428571,2111,1515
2020-02-02,0,0.857142857142857,2,3.14285714285714,4747,2089.57142857143,0,0,0,1.14285714285714,4749,2095.57142857143
2020-02-03,3,1.28571428571429,8,4.14285714285714,3089,2415.71428571429,0,0,0,1,3100,2422.85714285714
2020-02-04,0,1.14285714285714,1,3.71428571428571,4008,2610.71428571429,0,0,1,1.14285714285714,4011,2617.14285714286
2020-02-05,1,1.14285714285714,1,3.57142857142857,3743,3061.85714285714,0,0,0,1,3745,3068
2020-02-06,1,1.28571428571429,0,3.57142857142857,3153,3217.42857142857,0,0,1,0.714285714285714,3160,3224
2020-02-07,2,1,2,2.85714285714286,3527,3481.28571428571,0,0,1,0.857142857142857,3593,3495.57142857143
2020-02-08,0,1,9,3.28571428571429,2724,3570.14285714286,0,0,0,0.428571428571429,2734,3584.57142857143
2020-02-09,0,1,3,3.42857142857143,3023,3323.85714285714,0,0,0,0.428571428571429,3030,3339
2020-02-10,0,0.571428571428571,0,2.28571428571429,2538,3245.14285714286,0,0,0,0.428571428571429,2609,3268.85714285714
2020-02-11,1,0.714285714285714,3,2.57142857142857,2038,2963.71428571429,0,0,0,0.285714285714286,2042,2987.57142857143
2020-02-12,0,0.571428571428571,1,2.57142857142857,377,2482.85714285714,0,0,0,0.285714285714286,418,2512.28571428571
2020-02-13,1,0.571428571428571,1,2.71428571428571,15151,4196.85714285714,0,0,0,0.142857142857143,15153,4225.57142857143
2020-02-14,0,0.285714285714286,1,2.57142857142857,6482,4619,1,0.142857142857143,0,0,6527,4644.71428571429
2020-02-15,0,0.285714285714286,1,1.42857142857143,2075,4526.28571428571,0,0.142857142857143,0,0,2143,4560.28571428571
2020-02-16,0,0.285714285714286,0,1,2111,4396,0,0.142857142857143,0,0,2183,4439.28571428571
2020-02-17,1,0.428571428571429,1,1.14285714285714,1932,4309.42857142857,0,0.142857142857143,0,0,2035,4357.28571428571
2020-02-18,0,0.285714285714286,0,0.714285714285714,1794,4274.57142857143,0,0.142857142857143,0,0,1882,4334.42857142857
2020-02-19,0,0.285714285714286,1,0.714285714285714,419,4280.57142857143,0,0.142857142857143,0,0,500,4346.14285714286
2020-02-20,0,0.142857142857143,2,0.857142857142857,544,2193.85714285714,0,0.142857142857143,0,0,560,2261.42857142857
2020-02-21,3,0.571428571428571,18,3.28571428571429,606,1354.42857142857,0,0,0,0,629,1418.85714285714
2020-02-22,0,0.571428571428571,42,9.14285714285714,1719,1303.57142857143,0,0,0,0,1761,1364.28571428571
2020-02-23,2,0.857142857142857,98,23.1428571428571,221,1033.57142857143,0,0,0,0,380,1106.71428571429
2020-02-24,1,0.857142857142857,76,33.8571428571429,485,826.857142857143,0,0,0,0,564,896.571428571429
2020-02-25,1,1,108,49.2857142857143,742,676.571428571429,1,0.142857142857143,0,0,853,749.571428571429
2020-02-26,1,1.14285714285714,163,72.4285714285714,798,730.714285714286,0,0.142857142857143,0,0,977,817.714285714286
2020-02-27,3,1.57142857142857,265,110,1092,809,0,0.142857142857143,0,0,1360,932
2020-02-28,2,1.42857142857143,303,150.714285714286,1077,876.285714285714,1,0.285714285714286,1,0.142857142857143,1386,1040.14285714286
2020-02-29,18,4,373,198,1485,842.857142857143,0,0.285714285714286,10,1.57142857142857,1891,1058.71428571429
2020-03-01,26,7.42857142857143,755,291.857142857143,1596,1039.28571428571,1,0.428571428571429,2,1.85714285714286,2381,1344.57142857143
2020-03-02,26,11,567,362,1382,1167.42857142857,4,1,3,2.28571428571429,1983,1547.28571428571
2020-03-03,25,14.4285714285714,688,444.857142857143,1867,1328.14285714286,3,1.28571428571429,9,3.57142857142857,2594,1796
2020-03-04,41,20.1428571428571,1012,566.142857142857,1230,1389.85714285714,10,2.71428571428571,15,5.71428571428571,2308,1986.14285714286
2020-03-05,87,32.1428571428571,1432,732.857142857143,1284,1417.28571428571,3,3.14285714285714,3,6.14285714285714,2811,2193.42857142857
2020-03-06,80,43.2857142857143,1772,942.714285714286,2035,1554.14285714286,19,5.71428571428571,6,6.85714285714286,3913,2554.42857142857
2020-03-07,177,66,2158,1197.71428571429,1756,1592.85714285714,0,5.71428571428571,4,6,4095,2869.28571428571
2020-03-08,159,85,2535,1452,1202,1536.57142857143,40,11.2857142857143,13,7.57142857142857,3949,3093.28571428571
2020-03-09,99,95.4285714285714,3140,1819.57142857143,910,1469.14285714286,8,11.8571428571429,15,9.28571428571429,4172,3406
2020-03-10,213,122.285714285714,3390,2205.57142857143,1188,1372.14285714286,13,13.2857142857143,16,10.2857142857143,4822,3724.28571428571
2020-03-11,442,179.571428571429,5460,2841,1723,1442.57142857143,14,13.8571428571429,21,11.1428571428571,7661,4489
2020-03-12,487,236.714285714286,3928,3197.57142857143,1358,1453.14285714286,16,15.7142857142857,0,10.7142857142857,5790,4914.57142857143
2020-03-13,902,354.142857142857,11539,4592.85714285714,1828,1423.57142857143,42,19,72,20.1428571428571,14384,6410.42857142857
2020-03-14,880,454.571428571429,8145,5448.14285714286,1917,1446.57142857143,78,30.1428571428571,51,26.8571428571429,11074,7407.42857142857
2020-03-15,377,485.714285714286,8841,6349,1937,1551.57142857143,59,32.8571428571429,49,32,11269,8453.14285714286
2020-03-16,1922,746.142857142857,10989,7470.28571428571,1722,1667.57142857143,87,44.1428571428571,80,41.2857142857143,14808,9972.57142857143
2020-03-17,2239,1035.57142857143,11534,8633.71428571429,1997,1783.14285714286,84,54.2857142857143,79,50.2857142857143,15943,11561.2857142857
2020-03-18,3135,1420.28571428571,14044,9860,2117,1839.42857142857,116,68.8571428571429,124,65,19565,13261.8571428571
2020-03-19,5230,2097.85714285714,19359,12064.4285714286,2150,1952.57142857143,180,92.2857142857143,122,82.4285714285714,27049,16298.8571428571
2020-03-20,7299,3011.71428571429,20463,13339.2857142857,2676,2073.71428571429,188,113.142857142857,122,89.5714285714286,30775,18640.4285714286
2020-03-21,7275,3925.28571428571,21645,15267.8571428571,2556,2165,204,131.142857142857,293,124.142857142857,31991,21628.5714285714
2020-03-22,10518,5374,20298,16904.5714285714,3229,2349.57142857143,265,160.571428571429,529,192.714285714286,34855,24998
2020-03-23,12838,6933.42857142857,26386,19104.1428571429,3070,2542.14285714286,381,202.571428571429,134,200.428571428571,42835,29001.8571428571
2020-03-24,12307,8371.71428571429,24397,20941.7142857143,3607,2772.14285714286,432,252.285714285714,416,248.571428571429,41179,32607
2020-03-25,13676,9877.57142857143,31011,23365.5714285714,5400,3241.14285714286,523,310.428571428571,371,283.857142857143,51001,37097.8571428571
2020-03-26,20166,12011.2857142857,35898,25728.2857142857,5719,3751,553,363.714285714286,524,341.285714285714,62877,42216.1428571429
2020-03-27,20926,13958,36011,27949.4285714286,7112,4384.71428571429,559,416.714285714286,418,383.571428571429,65041,47111.2857142857
2020-03-28,22363,16113.4285714286,36778,30111.2857142857,7201,5048.28571428571,340,436.142857142857,580,424.571428571429,67280,52152.5714285714
2020-03-29,21113,17627,29882,31480.4285714286,7260,5624.14285714286,560,478.285714285714,407,407.142857142857,59237,55635.7142857143
2020-03-30,24520,19295.8571428571,32639,32373.7142857143,7264,6223.28571428571,411,482.571428571429,452,452.571428571429,65294,58844.1428571429
2020-03-31,30212,21853.7142857143,36777,34142.2857142857,8999,6993.57142857143,585,504.428571428571,256,429.714285714286,76845,63939.2857142857
2020-04-01,36111,25058.7142857143,37083,35009.7142857143,8637,7456,599,515.285714285714,364,428.714285714286,82808,68483.1428571429
2020-04-02,36754,27428.4285714286,36134,35043.4285714286,9166,7948.42857142857,651,529.285714285714,345,403.142857142857,83060,71366.4285714286
2020-04-03,35999,29581.7142857143,37613,35272.2857142857,8771,8185.42857142857,882,575.428571428571,285,384.142857142857,83559,74011.8571428571
2020-04-04,35873,31511.7142857143,12491,31802.7142857143,9006,8443.28571428571,679,623.857142857143,307,345.142857142857,58363,72738
2020-04-05,35279,33535.4285714286,26444,31311.5714285714,9929,8824.57142857143,706,644.714285714286,226,319.285714285714,72592,74645.8571428571
2020-04-06,34877,35015,27383,30560.7142857143,10004,9216,701,686.142857142857,180,280.428571428571,73155,75768.8571428571
2020-04-07,35638,35790.1428571429,23811,28708.4285714286,9593,9300.85714285714,633,693,153,265.714285714286,69831,74766.8571428571
2020-04-08,38381,36114.4285714286,34091,28281,9934,9486.14285714286,804,722.285714285714,165,237.285714285714,83378,74848.2857142857
2020-04-09,42490,36933.8571428571,33326,27879.8571428571,10258,9642.14285714286,812,745.285714285714,127,206.142857142857,87014,75413.1428571429
2020-04-10,42252,37827.1428571429,31309,26979.2857142857,11156,9982.85714285714,663,714,152,187.142857142857,85534,75695.2857142857
2020-04-11,34281,37599.7142857143,27147,29073,12019,10413.2857142857,716,719.285714285714,117,160,74283,77969.5714285714
2020-04-12,32130,37149.8571428571,75025,36013.1428571429,11644,10658.2857142857,864,741.857142857143,30,132,119696,84698.7142857143
2020-04-13,33217,36912.7142857143,25118,35689.5714285714,11573,10882.4285714286,774,752.285714285714,55,114.142857142857,70742,84354
2020-04-14,33908,36665.5714285714,37548,37652,11504,11155.4285714286,970,800.428571428571,81,103.857142857143,84011,86379.7142857143
2020-04-15,32798,35868,31913,37340.8571428571,11399,11364.7142857143,957,822.285714285714,45,86.7142857142857,77114,85484.8571428571
2020-04-16,37851,35205.2857142857,44077,38876.7142857143,12392,11669.5714285714,1168,873.142857142857,43,74.7142857142857,95531,86701.5714285714
2020-04-17,41657,35120.2857142857,32081,38987,12785,11902.2857142857,1406,979.285714285714,68,62.7142857142857,87997,87053.4285714286
2020-04-18,36360,35417.2857142857,27383,39020.7142857143,12129,11918,1306,1063.57142857143,59,54.4285714285714,77240,87475.8571428571
2020-04-19,32992,35540.4285714286,30077,32599.5714285714,12254,12005.1428571429,1209,1112.85714285714,51,57.4285714285714,76605,81320
2020-04-20,37211,36111,23628,32386.7142857143,13996,12351.2857142857,1158,1167.71428571429,23,52.8571428571429,76018,82073.7142857143
2020-04-21,33533,36057.4285714286,27429,30941.1428571429,13687,12663.1428571429,1070,1182,27,45.1428571428571,75749,80893.4285714286
2020-04-22,38072,36810.8571428571,29557,30604.5714285714,12201,12777.7142857143,1402,1245.57142857143,14,40.7142857142857,81247,81483.8571428571
2020-04-23,44474,37757,25536,27955.8571428571,12785,12833.8571428571,1438,1284.14285714286,15,36.7142857142857,84249,79872.1428571429
2020-04-24,53188,39404.2857142857,16143,25679,13025,12868.1428571429,1719,1328.85714285714,20,29.8571428571429,84096,79314.8571428571
2020-04-25,44233,40529,24758,25304,12010,12851.1428571429,1231,1318.14285714286,26,25.1428571428571,82259,80031.8571428571
2020-04-26,36462,41024.7142857143,22059,24158.5714285714,11514,12745.4285714286,1534,1364.57142857143,19,20.5714285714286,71588,79315.1428571429
2020-04-27,33608,40510,24150,24233.1428571429,11090,12330.2857142857,1334,1389.71428571429,10,18.7142857142857,70192,78482.8571428571
2020-04-28,37960,41142.4285714286,24004,23743.8571428571,11924,12078.4285714286,1627,1469.28571428571,25,18.4285714285714,75540,78453
2020-04-29,40576,41500.1428571429,21569,22602.7142857143,12942,12184.2857142857,2013,1556.57142857143,10,17.8571428571429,77110,77862
2020-04-30,45363,41627.1428571429,23084,22252.4285714286,13085,12227.1428571429,1946,1629.14285714286,17,18.1428571428571,83495,77754.2857142857
2020-05-01,50615,41259.5714285714,22853,23211,13164,12247,1726,1630.14285714286,18,17.8571428571429,88376,78365.7142857143
2020-05-02,42682,41038,22183,22843.1428571429,12081,12257.1428571429,2228,1772.57142857143,23,17.4285714285714,79200,77928.7142857143
2020-05-03,40867,41667.2857142857,21205,22721.1428571429,12680,12423.7142857143,1594,1781.14285714286,23,18,76373,78612.2857142857
2020-05-04,39688,42535.8571428571,21060,22279.7142857143,14257,12876.1428571429,2658,1970.28571428571,24,20,77689,79683.2857142857
2020-05-05,40632,42917.5714285714,22595,22078.4285714286,15207,13345.1428571429,2038,2029,30,20.7142857142857,80502,80392.1428571429
2020-05-06,44963,43544.2857142857,27072,22864.5714285714,15426,13700,2546,2105.14285714286,20,22.1428571428571,90028,82237.5714285714
2020-05-07,45397,43549.1428571429,25127,23156.4285714286,15671,14069.4285714286,2490,2182.85714285714,20,22.5714285714286,88706,82982
2020-05-08,46424,42950.4285714286,23413,23236.4285714286,16811,14590.4285714286,3624,2454,7,21,90279,83253.8571428571
2020-05-09,46220,43455.8571428571,20716,23026.8571428571,15414,15066.5714285714,2850,2542.85714285714,23,21,85223,84114.2857142857
2020-05-10,34679,42571.8571428571,19745,22818.2857142857,17961,15821,2579,2683.57142857143,12,19.4285714285714,74976,83914.7142857143
2020-05-11,33152,41638.1428571429,23818,23212.2857142857,16573,16151.8571428571,3066,2741.85714285714,22,19.1428571428571,76631,83763.5714285714
2020-05-12,42221,41865.1428571429,22076,23138.1428571429,17024,16411.4285714286,3160,2902.14285714286,10,16.2857142857143,84491,84333.4285714286
2020-05-13,44350,41777.5714285714,20472,22195.2857142857,17234,16669.7142857143,2915,2954.85714285714,9,14.7142857142857,84980,83612.2857142857
2020-05-14,52310,42765.1428571429,20154,21484.8571428571,20617,17376.2857142857,3119,3044.71428571429,31,16.2857142857143,96231,84687.2857142857
2020-05-15,54997,43989.8571428571,20324,21043.5714285714,17467,17470,2928,2945.28571428571,16,17.5714285714286,95732,85466.2857142857
2020-05-16,53839,45078.2857142857,17649,20605.4285714286,19938,18116.2857142857,3003,2967.14285714286,10,15.7142857142857,94439,86782.8571428571
2020-05-17,37420,45469.8571428571,16458,20135.8571428571,20821,18524.8571428571,3313,3072,10,15.4285714285714,78022,87218
2020-05-18,47765,47557.4285714286,16898,19147.2857142857,20822,19131.8571428571,3668,3158,14,14.2857142857143,89167,89008.8571428571
2020-05-19,52881,49080.2857142857,18921,18696.5714285714,21953,19836,3012,3136.85714285714,8,14,96775,90763.7142857143
2020-05-20,57435,50949.5714285714,18055,18351.2857142857,22587,20600.7142857143,3792,3262.14285714286,9,14,101878,93177.7142857143
2020-05-21,60195,52076,17526,17975.8571428571,24216,21114.8571428571,4692,3486.85714285714,15,11.7142857142857,106644,94665.2857142857
2020-05-22,59496,52718.7142857143,18849,17765.1428571429,24197,22076.2857142857,3875,3622.14285714286,4,10,106422,96192.4285714286
2020-05-23,59907,53585.5714285714,16629,17619.4285714286,24391,22712.4285714286,3862,3744.85714285714,15,10.7142857142857,104804,97673.1428571429
2020-05-24,51985,55666.2857142857,14189,17295.2857142857,23911,23153.8571428571,4126,3861,0,9.28571428571429,94211,99985.8571428571
2020-05-25,46463,55480.2857142857,14304,16924.7142857143,21822,23296.7142857143,4116,3925,12,9,86717,99635.8571428571
2020-05-26,53806,55612.4285714286,16245,16542.4285714286,20191,23045,3712,4025,13,9.71428571428571,93967,99234.7142857143
2020-05-27,58620,55781.7142857143,15144,16126.5714285714,23908,23233.7142857143,5079,4208.85714285714,11,10,102762,99361
2020-05-28,68056,56904.7142857143,20443,16543.2857142857,25850,23467.1428571429,4919,4241.28571428571,15,10,119283,101166.571428571
2020-05-29,69716,58364.7142857143,16601,16222.1428571429,28818,24127.2857142857,5748,4508.85714285714,19,12.1428571428571,120903,103235.285714286
2020-05-30,86117,62109,16619,16220.7142857143,27651,24593,6120,4831.42857142857,8,11.1428571428571,136515,107765.428571429
2020-05-31,57343,62874.4285714286,14575,16275.8571428571,29232,25353.1428571429,5248,4991.71428571429,10,12.5714285714286,106408,109507.857142857
2020-06-01,47538,63028,14684,16330.1428571429,27968,26231.1428571429,5785,5230.14285714286,19,13.5714285714286,95995,110833.285714286
2020-06-02,72437,65689.5714285714,14058,16017.7142857143,30576,27714.7142857143,4885,5397.71428571429,8,12.8571428571429,121964,114832.857142857
2020-06-03,64014,66460.1428571429,11745,15532.1428571429,33392,29069.5714285714,5087,5398.85714285714,11,12.8571428571429,114249,116473.857142857
2020-06-04,71752,66988.1428571429,19768,15435.7142857143,32311,29992.5714285714,7106,5711.28571428571,7,11.7142857142857,130944,118139.714285714
2020-06-05,74627,67689.7142857143,16454,15414.7142857143,32941,30581.5714285714,7196,5918.14285714286,5,9.71428571428571,131223,119614
2020-06-06,76775,66355.1428571429,15928,15316,34432,31550.2857142857,6595,5986,7,9.57142857142857,133737,119217.142857143
2020-06-07,56667,66258.5714285714,14763,15342.8571428571,34590,32315.7142857143,6337,6141.57142857143,6,9,112363,120067.857142857
2020-06-08,49549,66545.8571428571,15143,15408.4285714286,31155,32771,6648,6264.85714285714,2,6.57142857142857,102497,120996.714285714
2020-06-09,69293,66096.7142857143,15343,15592,33945,33252.2857142857,6472,6491.57142857143,7,6.42857142857143,125060,121439
2020-06-10,76500,67880.4285714286,15526,16132.1428571429,36522,33699.4285714286,6546,6700,11,6.42857142857143,135105,124418.428571429
2020-06-11,76594,68572.1428571429,16177,15619.1428571429,37843,34489.7142857143,7402,6742.28571428571,4,6,138020,125429.285714286
2020-06-12,70921,68042.7142857143,17069,15707,32693,34454.2857142857,8077,6868.14285714286,5,6,128765,125078.142857143
2020-06-13,72515,67434.1428571429,15731,15678.8571428571,38916,35094.8571428571,8101,7083.28571428571,26,8.71428571428571,135289,125299.857142857
2020-06-14,63787,68451.2857142857,14762,15678.7142857143,44953,36575.2857142857,8767,7430.42857142857,15,10,132284,128145.714285714
2020-06-15,58719,69761.2857142857,14042,15521.4285714286,37260,37447.4285714286,9621,7855.14285714286,14,11.7142857142857,119658,130597.285714286
2020-06-16,80028,71294.8571428571,15884,15598.7142857143,38536,38103.2857142857,7613,8018.14285714286,23,14,142084,133029.285714286
2020-06-17,77947,71501.5714285714,16022,15669.5714285714,41023,38746.2857142857,8732,8330.42857142857,22,15.5714285714286,143746,134263.714285714
2020-06-18,74678,71227.8571428571,17005,15787.8571428571,41107,39212.5714285714,8254,8452.14285714286,18,17.5714285714286,141063,134698.428571429
2020-06-19,111409,77011.8571428571,15816,15608.8571428571,42860,40665,9826,8702,4,17.4285714285714,179915,142005.571428571
2020-06-20,89540,79444,14616,15449.5714285714,41910,41092.7142857143,11330,9163.28571428571,52,21.1428571428571,157448,145171.142857143
2020-06-21,65199,79645.7142857143,13294,15239.8571428571,39752,40349.7142857143,9442,9259.71428571429,15,21.1428571428571,127702,144516.571428571
2020-06-22,76254,82150.7142857143,13547,15169.1428571429,40550,40819.7142857143,8989,9169.42857142857,21,22.1428571428571,139361,147331.285714286
2020-06-23,100279,85043.7142857143,15072,15053.1428571429,42377,41368.4285714286,9051,9374.85714285714,30,23.1428571428571,166809,150863.428571429
2020-06-24,102172,88504.4285714286,15131,14925.8571428571,43892,41778.2857142857,11358,9750,41,25.8571428571429,172594,154984.571428571
2020-06-25,107349,93171.7142857143,14777,14607.5714285714,44266,42229.5714285714,11950,10278,38,28.7142857142857,178381,160315.714285714
2020-06-26,118028,94117.2857142857,15625,14580.2857142857,46358,42729.2857142857,11577,10528.1428571429,9,29.4285714285714,191597,161984.571428571
2020-06-27,105598,96411.2857142857,13899,14477.8571428571,46262,43351,12284,10664.4285714286,89,34.7142857142857,178132,164939.428571429
2020-06-28,94432,100587.428571429,11742,14256.1428571429,46970,44382.1428571429,10647,10836.5714285714,80,44,163871,170106.428571429
2020-06-29,86821,102097,12948,14170.5714285714,44460,44940.7142857143,11048,11130.7142857143,70,51,155347,172390.142857143
2020-06-30,103385,102540.714285714,12800,13846,46655,45551.8571428571,11616,11497.1428571429,86,59,174542,173494.857142857
2020-07-01,124324,105705.285714286,13189,13568.5714285714,66784,48822.1428571429,13227,11764.1428571429,83,65,217607,179925.285714286
2020-07-02,131576,109166.285714286,13533,13390.8571428571,50577,49723.7142857143,14193,12084.5714285714,65,68.8571428571429,209945,184434.428571429
2020-07-03,121404,109648.571428571,13950,13151.5714285714,50677,50340.7142857143,15159,12596.2857142857,194,95.2857142857143,201385,185832.714285714
2020-07-04,111521,110494.714285714,12818,12997.1428571429,53777,51414.2857142857,15507,13056.7142857143,186,109.142857142857,193809,188072.285714286
2020-07-05,102296,111618.142857143,11792,13004.2857142857,56133,52723.2857142857,13640,13484.2857142857,142,118,184003,190948.285714286
2020-07-06,86287,111541.857142857,13612,13099.1428571429,50183,53540.8571428571,13717,13865.5714285714,176,133.142857142857,163975,192180.857142857
2020-07-07,131670,115582.571428571,11978,12981.7142857143,50108,54034.1428571429,17474,14702.4285714286,132,139.714285714286,211362,197440.857142857
2020-07-08,131238,116570.285714286,14141,13117.7142857143,53881,52190.8571428571,14726,14916.5714285714,173,152.571428571429,214159,196948.285714286
2020-07-09,135790,117172.285714286,13620,13130.1428571429,57880,53234.1428571429,19212,15633.5714285714,325,189.714285714286,226827,199360
2020-07-10,144098,120414.285714286,14563,13217.7142857143,56153,54016.4285714286,17680,15993.7142857143,180,187.714285714286,232674,203829.857142857
2020-07-11,128276,122807.857142857,13740,13349.4285714286,55404,54248.8571428571,18815,16466.2857142857,245,196.142857142857,216482,207068.857142857
2020-07-12,108795,123736.285714286,11763,13345.2857142857,54839,54064,16694,16902.5714285714,183,202,192274,208250.428571429
2020-07-13,104029,126270.857142857,14530,13476.4285714286,56542,54972.4285714286,16071,17238.8571428571,272,215.714285714286,191444,212174.571428571
2020-07-14,139818,127434.857142857,12812,13595.5714285714,54885,55654.8571428571,14435,16804.7142857143,238,230.857142857143,222188,213721.142857143
2020-07-15,137846,128378.857142857,14431,13637,60816,56645.5714285714,18051,17279.7142857143,324,252.428571428571,231468,216193.857142857
2020-07-16,154597,131065.571428571,15283,13874.5714285714,60567,57029.4285714286,20441,17455.2857142857,424,266.571428571429,251312,219691.714285714
2020-07-17,142700,130865.857142857,16200,14108.4285714286,64089,58163.1428571429,19540,17721,213,271.285714285714,242742,221130
2020-07-18,129150,130990.714285714,13360,14054.1428571429,74288,60860.8571428571,19015,17749.5714285714,365,288.428571428571,236178,223943.714285714
2020-07-19,114401,131791.571428571,11755,14053,68455,62806,18554,18015.2857142857,269,300.714285714286,213434,226966.571428571
2020-07-20,111875,132912.428571429,18002,14549,61351,63493,15525,17937.2857142857,363,313.714285714286,207116,229205.428571429
2020-07-21,139391,132851.428571429,14375,14772.2857142857,65577,65020.4285714286,13864,17855.7142857143,474,347.428571428571,233681,230847.285714286
2020-07-22,172273,137769.571428571,15955,14990,71611,66562.5714285714,19614,18079,411,359.857142857143,279868,237761.571428571
2020-07-23,166700,139498.571428571,17548,15313.5714285714,79844,69316.4285714286,18467,17797,295,341.428571428571,282854,242267.571428571
2020-07-24,165965,142822.142857143,17609,15514.8571428571,75030,70879.4285714286,22111,18164.2857142857,356,361.857142857143,281074,247743.571428571
2020-07-25,147396,145428.714285714,13700,15563.4285714286,74347,70887.8571428571,18151,18040.8571428571,460,375.428571428571,254054,250297.285714286
2020-07-26,108249,144549.857142857,13044,15747.5714285714,72873,71519,18315,18006.7142857143,555,416.285714285714,213036,250240.428571429
2020-07-27,121877,145978.714285714,21616,16263.8571428571,69236,72645.4285714286,13428,17707.1428571429,369,417.142857142857,226530,253013.857142857
2020-07-28,145728,146884,15302,16396.2857142857,77969,74415.7142857143,13499,17655,282,389.714285714286,252785,255743
2020-07-29,177078,147570.428571429,18363,16740.2857142857,77928,75318.1428571429,17642,17373.2857142857,717,433.428571428571,291728,257437.285714286
2020-07-30,160894,146741,19824,17065.4285714286,81370,75536.1428571429,17407,17221.8571428571,605,477.714285714286,280100,257043.857142857
2020-07-31,163370,146370.285714286,19745,17370.5714285714,88236,77422.7142857143,19005,16778.1428571429,388,482.285714285714,290744,258425.285714286
2020-08-01,138969,145166.428571429,14364,17465.4285714286,77441,77864.7142857143,16920,16602.2857142857,637,507.571428571429,248338,257608.714285714
2020-08-02,123172,147298.285714286,12867,17440.1428571429,81759,79134.1428571429,12749,15807.1428571429,444,491.714285714286,230992,260173.857142857
2020-08-03,94999,143458.571428571,24969,17919.1428571429,75242,79992.1428571429,10853,15439.2857142857,413,498,206475,257308.857142857
2020-08-04,147447,143704.142857143,20513,18663.5714285714,79345,80188.7142857143,9915,14927.2857142857,720,560.571428571429,257942,258045.571428571
2020-08-05,154615,140495.142857143,20333,18945,85769,81308.8571428571,15374,14603.2857142857,484,527.285714285714,276575,255880.857142857
2020-08-06,157792,140052,21934,19246.4285714286,90755,82649.5714285714,14328,14163.4285714286,392,496.857142857143,285202,256609.714285714
2020-08-07,153858,138693.142857143,23692,19810.2857142857,90746,83008.1428571429,13492,13375.8571428571,451,505.857142857143,282239,255394.714285714
2020-08-08,137800,138526.142857143,15120,19918.2857142857,91002,84945.4285714286,14208,12988.4285714286,386,470,258518,256849
2020-08-09,111593,136872,13785,20049.4285714286,86612,85638.7142857143,12356,12932.2857142857,339,455,224683,255947.714285714
2020-08-10,107523,138661.142857143,27628,20429.2857142857,81429,86522.5714285714,9132,12686.4285714286,317,441.285714285714,226029,258741.142857143
2020-08-11,143849,138147.142857143,19687,20311.2857142857,85734,87435.2857142857,7883,12396.1428571429,414,397.571428571429,257570,258688
2020-08-12,148238,137236.142857143,23396,20748.8571428571,95431,88815.5714285714,9258,11522.4285714286,323,374.571428571429,276647,258698.285714286
2020-08-13,158526,137341,27393,21528.7142857143,92522,89068,10393,10960.2857142857,382,373.142857142857,289216,259271.714285714
2020-08-14,169048,139511,27029,22005.4285714286,94826,89650.8571428571,12545,10825,300,351.571428571429,303748,262344.428571429
2020-08-15,124473,137607.142857143,19802,22674.2857142857,91352,89700.8571428571,11815,10483.1428571429,265,334.285714285714,247708,260800.142857143
2020-08-16,103380,136433.857142857,17031,23138,83772,89295.1428571429,9953,10139.8571428571,332,333.285714285714,214470,259341.142857143
2020-08-17,89968,133926,30723,23580.1428571429,77931,88795.4285714286,8872,10102.7142857143,237,321.857142857143,207732,256727.285714286
2020-08-18,133391,132432,22909,24040.4285714286,93082,89845.1428571429,8637,10210.4285714286,236,296.428571428571,258256,256825.285714286
2020-08-19,141961,131535.285714286,28031,24702.5714285714,98451,90276.5714285714,10895,10444.2857142857,252,286.285714285714,279590,257245.714285714
2020-08-20,134559,128111.428571429,30260,25112.1428571429,96930,90906.2857142857,10609,10475.1428571429,196,259.714285714286,272554,254865.428571429
2020-08-21,121360,121298.857142857,32185,25848.7142857143,97186,91243.4285714286,10272,10150.4285714286,201,245.571428571429,261205,248787.857142857
2020-08-22,137078,123099.571428571,21406,26077.8571428571,95122,91782,10433,9953,212,238,264251,251151.142857143
2020-08-23,92931,121606.857142857,19961,26496.4285714286,84051,91821.8571428571,9053,9824.42857142857,153,212.428571428571,206149,249962.428571429
2020-08-24,94401,122240.142857143,36883,27376.4285714286,86323,93020.7142857143,7516,9630.71428571429,145,199.285714285714,225268,252467.571428571
2020-08-25,127166,121350.857142857,27029,27965,82089,91450.2857142857,7543,9474.42857142857,174,190.428571428571,244001,250431.142857143
2020-08-26,135627,120446,26201,27703.5714285714,112985,93526.5714285714,8855,9183,125,172.285714285714,283793,251031.571428571
2020-08-27,131762,120046.428571429,39860,29075,103575,94475.8571428571,8555,8889.57142857143,143,164.714285714286,283895,252651.714285714
2020-08-28,136202,122166.714285714,35258,29514,103917,95437.4285714286,8109,8580.57142857143,141,156.142857142857,283627,255854.857142857
2020-08-29,126899,120712.571428571,23720,29844.5714285714,104678,96802.5714285714,8370,8285.85714285714,125,143.714285714286,263793,255789.428571429
2020-08-30,87096,119879,21869,30117.1428571429,103452,99574.1428571429,8457,8200.71428571429,91,134.857142857143,220965,257906
2020-08-31,118765,123359.571428571,43031,30995.4285714286,94203,100699.857142857,6805,8099.14285714286,87,126.571428571429,262891,263280.714285714
2020-09-01,124043,122913.428571429,29784,31389,103830,103805.714285714,7157,8044,111,117.571428571429,264925,266269.857142857
2020-09-02,128535,121900.285714286,35663,32740.7142857143,110452,103443.857142857,8714,8023.85714285714,139,119.571428571429,283504,266228.571428571
2020-09-03,125090,120947.142857143,36953,32325.4285714286,111537,104581.285714286,7747,7908.42857142857,92,112.285714285714,281419,265874.857142857
2020-09-04,148535,122709,41507,33218.1428571429,115313,106209.285714286,8578,7975.42857142857,82,103.857142857143,314016,270216.142857143
2020-09-05,117725,121398.428571429,29596,34057.5714285714,115189,107710.857142857,7392,7835.71428571429,87,98.4285714285714,269991,271101.571428571
2020-09-06,79127,120260,26452,34712.2857142857,117006,109647.142857143,7823,7745.14285714286,56,93.4285714285714,230465,272458.714285714
2020-09-07,58841,111699.428571429,50998,35850.4285714286,101108,110633.571428571,6876,7755.28571428571,58,89.2857142857143,217882,266028.857142857
2020-09-08,78713,105223.714285714,37235,36914.8571428571,118467,112724.571428571,7679,7829.85714285714,104,88.2857142857143,242199,262782.285714286
2020-09-09,109678,102529.857142857,41147,37698.2857142857,125637,114893.857142857,8295,7770,65,77.7142857142857,284822,262970.571428571
2020-09-10,118156,101539.285714286,45723,38951.1428571429,127902,117231.714285714,8050,7813.28571428571,44,70.8571428571429,299876,265607.285714286
2020-09-11,134505,99535,49064,40030.7142857143,129061,119195.714285714,8692,7829.57142857143,46,65.7142857142857,321370,266657.857142857
2020-09-12,116922,99420.2857142857,37881,41214.2857142857,124319,120500,7410,7832.14285714286,46,59.8571428571429,286578,269027.428571429
2020-09-13,85589,100343.428571429,29454,41643.1428571429,120884,121054,6748,7678.57142857143,44,58.1428571428571,242719,270778
2020-09-14,85536,104157,55841,42335,115840,123158.571428571,6483,7622.42857142857,51,57.1428571428571,263752,277330.857142857
2020-09-15,112709,109013.571428571,43764,43267.7142857143,122383,123718,6566,7463.42857142857,40,48,285462,283511.285714286
2020-09-16,115103,109788.571428571,50935,44666,131139,124504,7310,7322.71428571429,47,45.4285714285714,304535,286327.428571429
2020-09-17,121518,110268.857142857,55114,46007.5714285714,129598,124746.285714286,8605,7402,48,46,314886,288471.714285714
2020-09-18,130154,109647.285714286,60948,47705.2857142857,126632,124399.285714286,8161,7326.14285714286,26,43.1428571428571,325921,289121.857142857
2020-09-19,114916,109360.714285714,44619,48667.8571428571,123837,124330.428571429,8727,7514.28571428571,17,39,292119,289913.428571429
2020-09-20,87561,109642.428571429,38687,49986.8571428571,117431,123837.142857143,8419,7753,15,34.8571428571429,252114,291255.571428571
2020-09-21,98081,111434.571428571,65877,51420.5714285714,105948,122424,6148,7705.14285714286,30,31.8571428571429,276086,293017.571428571
2020-09-22,106213,110506.571428571,53704,52840.5714285714,117709,121756.285714286,6839,7744.14285714286,49,33.1428571428571,284514,292882.142857143
2020-09-23,82449,105841.714285714,61021,54281.4285714286,123884,120719.857142857,8727,7946.57142857143,11,28,276092,288818.857142857
2020-09-24,155835,110744.142857143,65355,55744.4285714286,123635,119868,8186,7886.71428571429,26,24.8571428571429,353037,294269
2020-09-25,130354,110772.714285714,70001,57037.7142857143,122518,119280.285714286,7977,7860.42857142857,19,23.8571428571429,330870,294976
2020-09-26,108214,109815.285714286,51823,58066.8571428571,121969,119013.428571429,6410,7529.42857142857,26,25.1428571428571,288442,294450.714285714
2020-09-27,84847,109427.571428571,44776,58936.7142857143,113395,118436.857142857,8369,7522.28571428571,4,23.5714285714286,251391,294347.428571429
2020-09-28,81922,107119.142857143,68641,59331.5714285714,98532,117377.428571429,5669,7453.85714285714,13,21.1428571428571,254780,291303.714285714
2020-09-29,112576,108028.142857143,48396,58573.2857142857,114161,116870.571428571,7509,7549.57142857143,26,17.8571428571429,282668,291040
2020-09-30,112661,112344.142857143,79382,61196.2857142857,125702,117130.285714286,8434,7507.71428571429,30,20.5714285714286,326210,298199.714285714
2020-10-01,121175,107392.714285714,70363,61911.7142857143,119486,116537.571428571,7260,7375.42857142857,18,19.4285714285714,318303,293237.714285714
2020-10-02,95396,102398.714285714,76580,62851.5714285714,117018,115751.857142857,8857,7501.14285714286,13,18.5714285714286,297866,288522.857142857
2020-10-03,144415,107570.285714286,71219,65622.4285714286,107560,113693.428571429,8830,7846.85714285714,20,17.7142857142857,332044,294751.714285714
2020-10-04,71613,105679.714285714,73524,69729.2857142857,108160,112945.571428571,8086,7806.42857142857,14,19.1428571428571,261397,296181.142857143
2020-10-05,114937,110396.142857143,83985,71921.2857142857,97358,112777.857142857,4714,7670,28,21.2857142857143,301023,302787.285714286
2020-10-06,126764,112423,84493,77078,108650,111990.571428571,6597,7539.71428571429,12,19.2857142857143,326519,309051.714285714
2020-10-07,124946,114178,98670,79833.4285714286,116808,110720,10543,7841,28,19,350997,312592.714285714
2020-10-08,130215,115469.428571429,111292,85680.4285714286,108881,109205,10908,8362.14285714286,30,20.7142857142857,361327,318739
2020-10-09,127228,120016.857142857,117903,91583.7142857143,107184,107800.142857143,8557,8319.28571428571,22,22,360897,327743.428571429
2020-10-10,125662,117337.857142857,109755,97088.8571428571,108130,107881.571428571,13534,8991.28571428571,20,22,357101,331323
2020-10-11,91547,120185.571428571,87466,99080.5714285714,98897,106558.285714286,8975,9118.28571428571,27,23.8571428571429,286912,334968
2020-10-12,80667,115289.857142857,114710,103469.857142857,90461,105573,5887,9285.85714285714,39,25.4285714285714,291766,333645.571428571
2020-10-13,99141,111343.714285714,112391,107455.285714286,99863,104317.714285714,7834,9462.57142857143,29,27.8571428571429,319259,332608.428571429
2020-10-14,123028,111069.714285714,142928,113777.857142857,104835,102607.285714286,11508,9600.42857142857,35,28.8571428571429,382334,337085.142857143
2020-10-15,139328,112371.571428571,156577,120247.142857143,101943,101616.142857143,9116,9344.42857142857,19,27.2857142857143,406984,343607.571428571
2020-10-16,142826,114599.857142857,157485,125901.714285714,100760,100698.428571429,10686,9648.57142857143,10,25.5714285714286,411771,350875.285714286
2020-10-17,117758,113470.714285714,143881,130776.857142857,96738,99071,14262,9752.57142857143,18,25.2857142857143,372657,353097.571428571
2020-10-18,84585,112476.142857143,132376,137192.571428571,91400,98000,8193,9640.85714285714,9,22.7142857142857,316563,357333.428571429
2020-10-19,129983,119521.285714286,165152,144398.571428571,82375,96844.8571428571,9688,10183.8571428571,7,18.1428571428571,387210,370968.285714286
2020-10-20,127515,123574.714285714,160702,151300.142857143,90943,95570.5714285714,9776,10461.2857142857,63,23,389002,380931.571428571
2020-10-21,135098,125299,200724,159556.714285714,98571,94675.7142857143,10478,10314.1428571429,18,20.5714285714286,444890,389868.142857143
2020-10-22,149002,126681,215394,167959.142857143,97319,94015.1428571429,10970,10579,30,22.1428571428571,472719,399258.857142857
2020-10-23,153786,128246.714285714,234863,179013.142857143,97684,93575.7142857143,10435,10543.1428571429,30,25,496798,411405.571428571
2020-10-24,151043,133001.714285714,205135,187763.714285714,88846,92448.2857142857,11739,10182.7142857143,19,25.1428571428571,456784,423423.714285714
2020-10-25,112798,137032.142857143,153518,190784,85226,91566.2857142857,9094,10311.4285714286,17,26.2857142857143,360653,429722.285714286
2020-10-26,118866,135444,284071,207772.428571429,72736,90189.2857142857,10718,10458.5714285714,20,28.1428571428571,486411,443893.857142857
2020-10-27,146216,138115.571428571,230393,217728.285714286,84954,89333.7142857143,8650,10297.7142857143,20,22,470233,455498.285714286
2020-10-28,149432,140163.285714286,257233,225801,93287,88578.8571428571,11900,10500.8571428571,20,22.2857142857143,511872,465067.142857143
2020-10-29,161345,141926.571428571,284658,235695.857142857,93321,88007.7142857143,11071,10515.2857142857,17,20.4285714285714,550415,476166.571428571
2020-10-30,165019,143531.285714286,300256,245037.714285714,92167,87219.5714285714,13599,10967.2857142857,13,18,571055,486774.714285714
2020-10-31,148084,143108.571428571,230612,248677.285714286,86982,86953.2857142857,11074,10872.2857142857,12,17,476765,489629.142857143
2020-11-01,146329,147898.714285714,218051,257896.285714286,87695,87306,10296,11044,10,16,462384,504162.142857143
2020-11-02,125912,148905.285714286,346250,266779,83354,88822.8571428571,7586,10596.5714285714,20,16,563127,515121.571428571
2020-11-03,172855,152710.857142857,276830,273412.857142857,93160,89995.1428571429,10874,10914.2857142857,22,16.2857142857143,553745,527051.857142857
2020-11-04,172255,155971.285714286,227889,269220.857142857,97395,90582,14002,11214.5714285714,10,14.8571428571429,511552,527006.142857143
2020-11-05,168424,156982.571428571,315962,273692.857142857,96764,91073.8571428571,15393,11832,14,14.4285714285714,596558,533598
2020-11-06,209877,163390.857142857,321460,276722,101783,92447.5714285714,11720,11563.5714285714,10,14,644854,544140.714285714
2020-11-07,187624,169039.428571429,300191,286661.857142857,94048,93457,15017,12126.8571428571,12,14,596892,561301.714285714
2020-11-08,156880,170546.714285714,219660,286891.714285714,94919,94489,12498,12441.4285714286,13,14.4285714285714,483974,564386
2020-11-09,163022,175848.142857143,243905,272271,85707,94825.1428571429,8889,12627.5714285714,8,12.7142857142857,501532,555586.714285714
2020-11-10,200678,179822.857142857,249859,268418,95661,95182.4285714286,13173,12956,4,10.1428571428571,559377,556391.285714286
2020-11-11,236653,189022.571428571,296883,278274.285714286,101058,95705.7142857143,14000,12955.7142857143,8,9.85714285714286,648606,575970.428571429
2020-11-12,239950,199240.571428571,294462,275202.857142857,99340,96073.7142857143,15781,13011.1428571429,5,8.57142857142857,649543,583539.714285714
2020-11-13,251637,205206.285714286,286066,270146.571428571,99674,95772.4285714286,14678,13433.7142857143,10,8.57142857142857,652073,584571
2020-11-14,244310,213304.285714286,242286,261874.428571429,94268,95803.8571428571,14071,13298.5714285714,32,11.4285714285714,594970,584296.428571429
2020-11-15,179241,216498.714285714,200053,259073.428571429,82035,93963.2857142857,12570,13308.8571428571,40,15.2857142857143,473941,582863.142857143
2020-11-16,208096,222937.857142857,235222,257833,80821,93265.2857142857,10304,13511,13,16,534457,587566.714285714
2020-11-17,229870,227108.142857143,273926,261271.142857143,94529,93103.5714285714,12868,13467.4285714286,25,19,611220,594972.857142857
2020-11-18,241962,227866.571428571,262840,256407.857142857,106985,93950.2857142857,15301,13653.2857142857,13,19.7142857142857,627103,591901
2020-11-19,262849,231137.857142857,269525,252845.428571429,107265,95082.4285714286,13934,13389.4285714286,10,20.4285714285714,653585,592478.428571429
2020-11-20,277060,234769.714285714,267254,250158,108675,96368.2857142857,15733,13540.1428571429,20,21.8571428571429,668744,594860
2020-11-21,250236,235616.285714286,220086,246986.571428571,103862,97738.8571428571,13356,13438,24,20.7142857142857,587564,593802
2020-11-22,197503,238225.142857143,172499,243050.285714286,105179,101045.142857143,12779,13467.8571428571,15,17.1428571428571,487981,595807.714285714
2020-11-23,225544,240717.714285714,192501,236947.285714286,97160,103379.285714286,10077,13435.4285714286,36,20.4285714285714,525319,594502.285714286
2020-11-24,244782,242848,225424,230018.428571429,107530,105236.571428571,12503,13383.2857142857,22,20,590261,591508.142857143
2020-11-25,274060,247433.428571429,237570,226408.428571429,109894,105652.142857143,14667,13292.7142857143,28,22.1428571428571,636224,592811.142857143
2020-11-26,192295,237354.285714286,237581,221845,138659,110137,13923,13291.1428571429,15,22.8571428571429,582475,582652.571428571
2020-11-27,291623,239434.714285714,233103,216966.285714286,146352,115519.428571429,16039,13334.8571428571,17,22.4285714285714,687148,585281.714285714
2020-11-28,251485,239613.142857143,193318,213142.285714286,127817,118941.571428571,13396,13340.5714285714,6,19.8571428571429,586031,585062.714285714
2020-11-29,199208,239856.714285714,150714,210030.142857143,125571,121854.714285714,13071,13382.2857142857,16,20,488583,585148.714285714
2020-11-30,218277,238818.571428571,164382,206013.142857143,115580,124486.142857143,10350,13421.2857142857,28,18.8571428571429,508641,582766.142857143
2020-12-01,277719,243523.857142857,200376,202434.857142857,123135,126715.428571429,10838,13183.4285714286,25,19.2857142857143,612097,585885.571428571
2020-12-02,297073,246811.428571429,210404,198554,127477,129227.285714286,16413,13432.8571428571,25,18.8571428571429,651398,588053.285714286
2020-12-03,322965,265478.571428571,224110,196629.571428571,131539,128210.142857143,15701,13686.8571428571,12,18.4285714285714,694328,604032.285714286
2020-12-04,324100,270118.142857143,214635,193991.285714286,126537,125379.428571429,17982,13964.4285714286,18,18.5714285714286,683276,603479.142857143
2020-12-05,303947,277612.714285714,199687,194901.142857143,123814,124807.571428571,14702,14151,9,19,642163,611498
2020-12-06,243226,283901,162148,196534.571428571,119887,123995.571428571,13463,14207,8,17.8571428571429,538754,618665.285714286
2020-12-07,249045,288296.428571429,151539,194699.857142857,108786,123025,10628,14246.7142857143,21,16.8571428571429,520019,620290.714285714
2020-12-08,312885,293320.142857143,198562,194440.714285714,118799,122405.571428571,13258,14592.4285714286,22,16.4285714285714,643528,624780.857142857
2020-12-09,319657,296546.428571429,212636,194759.571428571,118213,121082.142857143,19396,15018.5714285714,7,13.8571428571429,669911,627425.571428571
2020-12-10,332462,297903.142857143,237695,196700.285714286,908903,232134.142857143,19134,15509,15,14.2857142857143,1498213,742266.285714286
2020-12-11,339769,300141.571428571,231133,199057.142857143,114463,230409.285714286,19081,15666,50,18.8571428571429,704497,745297.857142857
2020-12-12,304854,300271.142857143,201107,199260,110739,228541.428571429,18133,16156.1428571429,9,18.8571428571429,634850,744253.142857143
2020-12-13,245658,300618.571428571,168862,200219.142857143,100079,225711.714285714,16222,16550.2857142857,14,19.7142857142857,530838,743122.285714286
2020-12-14,260922,302315.285714286,158486,201211.571428571,94646,223691.714285714,11318,16648.8571428571,11,18.2857142857143,525387,743889.142857143
2020-12-15,297154,300068,213156,203296.428571429,107872,222130.714285714,18002,17326.5714285714,20,18,636206,742843.142857143
2020-12-16,364232,306435.857142857,241221,207380,107029,220533,21225,17587.8571428571,12,18.7142857142857,733726,751959.571428571
2020-12-17,362744,310761.857142857,254399,209766.285714286,101861,105241.285714286,20508,17784.1428571429,62,25.4285714285714,739582,643583.714285714
2020-12-18,356164,313104,244084,211616.428571429,100859,103297.857142857,19320,17818.2857142857,33,23,720462,645864.428571429
2020-12-19,291641,311216.428571429,201408,211659.428571429,96892,101319.714285714,21260,18265,48,28.5714285714286,611253,642493.428571429
2020-12-20,257733,312941.428571429,169759,211787.571428571,87517,99525.1428571429,18426,18579.8571428571,35,31.5714285714286,533473,642869.857142857
2020-12-21,265909,313653.857142857,186761,215826.857142857,79824,97407.7142857143,16781,19360.2857142857,22,33.1428571428571,549297,646285.571428571
2020-12-22,304247,314667.142857143,236518,219164.285714286,89481,94780.4285714286,19986,19643.7142857143,25,33.8571428571429,650261,648293.428571429
2020-12-23,331266,309957.714285714,247131,220008.571428571,90965,92485.5714285714,25729,20287.1428571429,25,35.7142857142857,695122,642778.571428571
2020-12-24,301028,301141.142857143,249434,219299.285714286,89103,90663,27044,21220.8571428571,31,31.2857142857143,666640,632358.285714286
2020-12-25,173243,275009.571428571,180469,210211.428571429,86026,88544,25785,22144.4285714286,23,29.8571428571429,465550,595942.285714286
2020-12-26,275649,272725,139725,201399.571428571,75817,85533.2857142857,21381,22161.7142857143,27,26.8571428571429,512602,581849.285714286
2020-12-27,212717,266294.142857143,135144,196454.571428571,71886,83300.2857142857,18675,22197.2857142857,29,26,438453,568275
2020-12-28,238447,262371,171874,194327.857142857,70764,82006,15211,21973,19,25.5714285714286,496323,560707.285714286
2020-12-29,317865,264316.428571429,243752,195361.285714286,82646,81029.5714285714,20128,21993.2857142857,35,27,664428,562731.142857143
2020-12-30,351027,267139.428571429,295302,202242.857142857,84247,80069.8571428571,30617,22691.5714285714,35,28.4285714285714,761230,572175.142857143
2020-12-31,359977,275560.714285714,269948,205173.428571429,65273,76665.5714285714,29789,23083.7142857143,20,26.8571428571429,725009,580513.571428571
2021-01-01,219631,282187.571428571,208756,209214.428571429,76885,75359.7142857143,27708,23358.4285714286,35,28.5714285714286,533018,590151.857142857
2021-01-02,354039,293386.142857143,158864,211948.571428571,90488,77455.5714285714,22919,23578.1428571429,43,30.8571428571429,626359,606402.857142857
2021-01-03,273192,302025.428571429,167513,216572.714285714,70058,77194.4285714286,21990,24051.7142857143,39,32.2857142857143,532796,619880.428571429
2021-01-04,255090,304403,203099,221033.428571429,74116,77673.2857142857,21792,24991.8571428571,18,32.1428571428571,554118,628136.857142857
2021-01-05,355079,309719.285714286,275122,225514.857142857,83049,77730.8571428571,26847,25951.7142857143,23,30.4285714285714,740122,638950.285714286
2021-01-06,390499,315358.142857143,269019,221760.142857143,88048,78273.8571428571,35792,26691,12,27.1428571428571,783372,642113.428571429
2021-01-07,437035,326366.428571429,320328,228957.285714286,88044,81526.8571428571,35402,27492.8571428571,25,27.8571428571429,880837,664374.571428571
2021-01-08,424449,355626.142857143,274380,238332.142857143,67894,80242.4285714286,36473,28745,23,26.1428571428571,803222,702975.142857143
2021-01-09,393173,361216.714285714,227380,248120.142857143,105295,82357.7142857143,35099,30485,44,26.2857142857143,760994,722208.714285714
2021-01-10,298093,364774,182595,250274.714285714,76817,83323.2857142857,31607,31858.8571428571,22,23.8571428571429,589134,730257
2021-01-11,304722,371864.285714286,212483,251615.285714286,74658,83400.7142857143,28033,32750.4285714286,28,25.2857142857143,619930,739658.714285714
2021-01-12,360176,372592.428571429,236938,246160.428571429,82236,83284.5714285714,26128,32647.7142857143,26,25.7142857142857,705508,734713.857142857
2021-01-13,364614,368894.571428571,262589,245241.857142857,87164,83158.2857142857,33997,32391.2857142857,20,26.8571428571429,748388,729716.142857143
2021-01-14,377180,360343.857142857,257236,236228.714285714,86556,82945.7142857143,34228,32223.5714285714,28,27.2857142857143,755228,711772
2021-01-15,407148,357872.285714286,245371,232084.571428571,83072,85114,31575,31523.8571428571,20,26.8571428571429,767187,706624.142857143
2021-01-16,340608,350363,185002,226030.571428571,85927,82347.1428571429,27568,30448,31,25,639144,689217
2021-01-17,271523,346567.285714286,155764,222197.571428571,75333,82135.1428571429,26569,29728.2857142857,19,24.5714285714286,529212,680656.714285714
2021-01-18,218708,334279.571428571,209158,221722.571428571,64707,80713.5714285714,22476,28934.4285714286,10,22,515066,665676.142857143
2021-01-19,307652,326776.142857143,202434,216793.428571429,74910,79667,23410,28546.1428571429,14,20.2857142857143,608426,651807.285714286
2021-01-20,334628,322492.428571429,248050,214716.428571429,81910,78916.4285714286,28337,27737.5714285714,10,18.8571428571429,692937,643885.714285714
2021-01-21,327014,315325.857142857,224925,210100.571428571,76492,77478.7142857143,27865,26828.5714285714,15,17,656323,629756.428571429
2021-01-22,327205,303905.428571429,229892,207889.285714286,75780,76437,26179,26057.7142857143,5,14.8571428571429,659061,614309.857142857
2021-01-23,298196,297846.571428571,169298,205645.857142857,73306,74634,27308,26020.5714285714,13,12.2857142857143,568124,604164.142857143
2021-01-24,218984,290341,139500,203322.428571429,67029,73447.7142857143,20120,25099.2857142857,16,11.8571428571429,445654,592227.285714286
2021-01-25,226457,291448,194342,201205.857142857,59841,72752.5714285714,16695,24273.4285714286,5,11.1428571428571,497340,589695
2021-01-26,283321,287972.142857143,178969,197853.714285714,75323,72811.5714285714,18598,23586,26,12.8571428571429,556238,582239.571428571
2021-01-27,281134,280330.142857143,216283,193315.571428571,80101,72553.1428571429,20827,22513.1428571429,13,13.2857142857143,598361,568728.714285714
2021-01-28,300067,276480.571428571,210323,191229.571428571,83068,73492.5714285714,20780,21501,11,12.7142857142857,614251,562718.428571429
2021-01-29,290421,271225.714285714,203879,187513.428571429,76912,73654.2857142857,19222,20507.1428571429,5,12.7142857142857,590443,552915.857142857
2021-01-30,267287,266810.142857143,155788,185583.428571429,74377,73807.2857142857,17862,19157.7142857143,6,11.7142857142857,515330,545373.857142857
2021-01-31,182698,261626.428571429,115587,182167.285714286,67593,73887.8571428571,15752,18533.7142857143,7,10.4285714285714,381639,536228.857142857
2021-02-01,197467,257485,170585,178773.428571429,65986,74765.7142857143,12711,17964.5714285714,24,13.1428571428571,446774,529005.142857143
2021-02-02,214357,247633,159357,175971.714285714,69412,73921.2857142857,14821,17425,7,10.4285714285714,457957,514965
2021-02-03,243838,242305,186177,171670.857142857,76487,73405,15462,16658.5714285714,15,10.7142857142857,521981,504053.571428571
2021-02-04,218253,230617.285714286,159201,164367.714285714,72971,71962.5714285714,16474,16043.4285714286,6,10,466907,483004.428571429
2021-02-05,253886,225398,196711,163343.714285714,68890,70816.5714285714,15907,15569.8571428571,30,13.5714285714286,535428,475145.142857143
2021-02-06,158150,209807,130590,159744,69831,70167.1428571429,13545,14953.1428571429,8,13.8571428571429,372125,454687.285714286
2021-02-07,211248,213885.571428571,108925,158792.285714286,66168,69963.5714285714,11724,14377.7142857143,10,14.2857142857143,398078,457035.714285714
2021-02-08,119070,202686,125867,152404,59532,69041.5714285714,11413,14192.2857142857,10,12.2857142857143,315893,438338.428571429
2021-02-09,219474,203417,129095,148080.857142857,68095,68853.4285714286,11351,13696.5714285714,13,13.1428571428571,428033,434063.571428571
2021-02-10,195296,196482.428571429,156152,143791.571428571,71164,68093,13118,13361.7142857143,9,12.2857142857143,435741,421743.571428571
2021-02-11,209731,195265,154749,143155.571428571,65090,66967.1428571429,11870,12704,24,14.8571428571429,441465,418109
2021-02-12,199662,187518.714285714,148190,136224,66907,66683.8571428571,13922,12420.4285714286,7,11.5714285714286,428689,402860.571428571
2021-02-13,178254,190390.714285714,120968,134849.428571429,63157,65730.4285714286,10914,12044.5714285714,8,11.5714285714286,373301,403028.571428571
2021-02-14,130886,178910.428571429,93833,132693.428571429,58798,64677.5714285714,10325,11844.7142857143,8,11.2857142857143,293850,388138.857142857
2021-02-15,111832,177876.428571429,101953,129277.142857143,59481,64670.2857142857,9893,11627.5714285714,7,10.8571428571429,283166,383463.571428571
2021-02-16,149123,167826.285714286,122990,128405,68830,64775.2857142857,10027,11438.4285714286,50,16.1428571428571,351020,372461.714285714
2021-02-17,165736,163603.428571429,147886,127224.142857143,69610,64553.2857142857,12317,11324,5,15.5714285714286,395555,366720.857142857
2021-02-18,168380,157696.142857143,154407,127175.285714286,66824,64801,13893,11613,10,13.5714285714286,403516,361299.571428571
2021-02-19,179202,154773.285714286,154955,128141.714285714,67338,64862.5714285714,11019,11198.2857142857,4,13.1428571428571,412519,358989.571428571
2021-02-20,169313,153496,128752,129253.714285714,62809,64812.8571428571,9559,11004.7142857143,21,15,370455,358583
2021-02-21,125457,152720.428571429,111870,131830.428571429,67588,66068.5714285714,9520,10889.7142857143,11,15.4285714285714,314446,361525.285714286
2021-02-22,108627,152262.571428571,103315,132025,67380,67197,9017,10764.5714285714,99,28.5714285714286,288438,362278.428571429
2021-02-23,172649,155623.428571429,134527,133673.142857143,73878,67918.1428571429,7740,10437.8571428571,59,29.8571428571429,388853,367683.142857143
2021-02-24,185978,158515.142857143,171819,137092.142857143,76566,68911.8571428571,10529,10182.4285714286,40,34.8571428571429,444936,374737.571428571
2021-02-25,189023,161464.142857143,169900,139305.428571429,76177,70248,12271,9950.71428571429,102,48,447478,381017.857142857
2021-02-26,191491,163219.714285714,165259,140777.428571429,75175,71367.5714285714,11103,9962.71428571429,11,49,443039,385377.857142857
2021-02-27,165787,162716,145279,143138.428571429,70274,72434,7831,9715.85714285714,56,54,389230,388060
2021-02-28,107868,160203.285714286,117945,144006.285714286,68271,72531.5714285714,9414,9700.71428571429,10,53.8571428571429,303509,386497.571428571
2021-03-01,126229,162717.857142857,101390,143731.285714286,69310,72807.2857142857,8833,9674.42857142857,102,54.2857142857143,305864,388987
2021-03-02,157689,160580.714285714,68041,134233.285714286,76838,73230.1428571429,7708,9669.85714285714,12,47.5714285714286,310288,377763.428571429
2021-03-03,174075,158880.285714286,175104,134702.571428571,81032,73868.1428571429,10908,9724,20,44.7142857142857,441142,377221.428571429
2021-03-04,184127,158180.857142857,175061,135439.857142857,81463,74623.2857142857,12382,9739.85714285714,14,32.1428571428571,453049,378017.285714286
2021-03-05,182042,156831,174983,136829,81316,75500.5714285714,8569,9377.85714285714,144,51.1428571428571,447054,378590.857142857
2021-03-06,168363,157199,155086,138230,77118,76478.2857142857,9953,9681,6,44,410533,381634.142857143
2021-03-07,153188,163673.285714286,128199,139694.857142857,78419,77928,8395,9535.42857142857,109,58.1428571428571,368312,390891.714285714
2021-03-08,108535,161145.571428571,101162,139662.285714286,79631,79402.4285714286,9277,9598.85714285714,111,59.4285714285714,298723,389871.571428571
2021-03-09,171805,163162.142857143,151322,151559.571428571,83623,80371.7142857143,7829,9616.14285714286,85,69.8571428571429,414665,404782.571428571
2021-03-10,172837,162985.285714286,193655,154209.714285714,90143,81673.2857142857,10421,9546.57142857143,22,70.1428571428571,467079,408487.857142857
2021-03-11,183846,162945.142857143,185346,155679,92282,83218.8571428571,15331,9967.85714285714,91,81.1428571428571,476896,411894.571428571
2021-03-12,193905,164639.857142857,191390,158022.857142857,94188,85057.7142857143,9824,10147.1428571429,15,62.7142857142857,489328,417933.714285714
2021-03-13,171541,165093.857142857,183242,162045.142857143,89018,86757.7142857143,10309,10198,6,62.7142857142857,454116,424159.857142857
2021-03-14,113555,159432,146721,164691.142857143,91072,88565.2857142857,8662,10236.1428571429,374,100.571428571429,360385,423027.428571429
2021-03-15,124414,161700.428571429,121954,167661.428571429,94011,90619.5714285714,8412,10112.5714285714,105,99.7142857142857,348901,430195.714285714
2021-03-16,175353,162207.285714286,185844,172593.142857143,102732,93349.4285714286,8983,10277.4285714286,101,102,473013,438531.142857143
2021-03-17,205077,166813,207213,174530,115862,97023.5714285714,11121,10377.4285714286,12,100.571428571429,539285,448846.285714286
2021-03-18,190432,167753.857142857,231193,181079.571428571,120602,101069.285714286,11332,9806.14285714286,156,109.857142857143,553723,459821.571428571
2021-03-19,211461,170261.857142857,215346,184501.857142857,122017,105044.857142857,12661,10211.4285714286,188,134.571428571429,561679,470157.428571429
2021-03-20,175109,170771.571428571,193978,186035.571428571,120088,109483.428571429,9204,10053.5714285714,440,196.571428571429,498820,476543.714285714
2021-03-21,127593,172777,160930,188065.428571429,125678,114427.142857143,9094,10115.2857142857,19,145.857142857143,423315,485533.714285714
2021-03-22,134271,174185.142857143,151637,192305.857142857,121047,118289.428571429,9587,10283.1428571429,279,170.714285714286,416821,495236.571428571
2021-03-23,191230,176453.285714286,179363,191380,134648,122848.857142857,8586,10226.4285714286,417,215.857142857143,514245,501126.857142857
2021-03-24,219464,178508.571428571,255899,198335.142857143,146955,127290.714285714,10895,10194.1428571429,366,266.428571428571,633581,514597.714285714
2021-03-25,230867,184285,252658,201401.571428571,155320,132250.428571429,12490,10359.5714285714,12,245.857142857143,651350,528544.428571429
2021-03-26,226737,186467.285714286,238758,204746.142857143,156745,137211.571428571,18544,11200,566,299.857142857143,641351,539926.142857143
2021-03-27,204008,190595.714285714,218164,208201.285714286,152930,141903.285714286,9475,11238.7142857143,8,238.142857142857,584592,552179.285714286
2021-03-28,134331,191558.285714286,162749,208461.142857143,163324,147281.285714286,9000,11225.2857142857,552,314.285714285714,469958,558842.571428571
2021-03-29,156431,194724,138897,206641.142857143,153182,151872,9707,11242.4285714286,187,301.142857142857,458405,564783.142857143
2021-03-30,192163,194857.285714286,204406,210218.714285714,161660,155730.857142857,9762,11410.4285714286,281,281.714285714286,568273,572501.428571429
2021-03-31,230724,196465.857142857,255551,210169,183778,160991.285714286,12752,11675.7142857143,394,285.714285714286,683205,579590.571428571
2021-04-01,240228,197803.142857143,250840,209909.285714286,198437,167150.857142857,22144,13054.8571428571,132,302.857142857143,711787,588224.428571429
2021-04-02,192936,192974.428571429,216127,206676.285714286,211124,174919.285714286,13178,12288.2857142857,371,275,633739,587137
2021-04-03,158782,186513.571428571,152608,197311.142857143,209115,182945.714285714,8781,12189.1428571429,151,295.428571428571,529443,579258.571428571
2021-04-04,119034,184328.285714286,198793,202460.285714286,225037,191761.857142857,9503,12261,434,278.571428571429,552803,591093.571428571
2021-04-05,162729,185228,107049,197910.571428571,210158,199901.285714286,9254,12196.2857142857,393,308,489584,595547.714285714
2021-04-06,217897,188904.285714286,130474,187348.857142857,246117,211966.571428571,9576,12169.7142857143,21,270.857142857143,604087,600664
2021-04-07,241729,190476.428571429,161655,173935.142857143,269030,224145.428571429,11674,12015.7142857143,258,251.428571428571,684346,600827
2021-04-08,259449,193222.285714286,282259,178423.571428571,281097,235954,16829,11256.4285714286,216,263.428571428571,839850,619121.714285714
2021-04-09,266843,203780.428571429,174875,172530.428571429,293765,247759.857142857,12541,11165.4285714286,17,212.857142857143,748045,635451.142857143
2021-04-10,219741,212488.857142857,145265,171481.428571429,289263,259209.571428571,9721,11299.7142857143,515,264.857142857143,664507,654746
2021-04-11,153862,217464.285714286,220787,174623.428571429,306284,270816.285714286,9684,11325.5714285714,123,220.428571428571,690741,674451.428571429
2021-04-12,175944,219352.142857143,126644,177422.714285714,303673,284175.571428571,10189,11459.1428571429,174,189.142857142857,616625,692600.142857143
2021-04-13,243428,222999.428571429,192574,186294.142857143,333409,296645.857142857,9910,11506.8571428571,242,220.714285714286,779567,717668.714285714
2021-04-14,233683,221850,211783,193455.285714286,357450,309277.285714286,13920,11827.7142857143,184,210.142857142857,817025,736622.857142857
2021-04-15,231224,217817.857142857,200313,181748.714285714,372297,322305.857142857,12707,11238.8571428571,219,210.571428571429,816761,733324.428571429
2021-04-16,259235,216731,194041,184486.714285714,389377,335964.714285714,12029,11165.7142857143,171,232.571428571429,854855,748583
2021-04-17,206789,214880.714285714,157294,186205.142857143,410566,353293.714285714,13363,11686,28,163,788042,766230.857142857
2021-04-18,148305,214086.857142857,111831,170640,415624,368913.714285714,9324,11634.5714285714,410,204,685495,765481.428571429
2021-04-19,174294,213851.142857143,109542,168196.857142857,400592,382759.285714286,8753,11429.4285714286,238,213.142857142857,693422,776452.428571429
2021-04-20,218472,210286,176294,165871.142857143,449519,399346.428571429,10111,11458.1428571429,27,182.428571428571,854425,787146.428571429
2021-04-21,219630,208278.428571429,186035,162192.857142857,472418,415770.428571429,11867,11164.8571428571,21,159.142857142857,889975,797567.857142857
2021-04-22,214099,205832,188967,160572,483668,431680.571428571,12579,11146.5714285714,438,190.428571428571,899755,809424.142857143
2021-04-23,232593,202026,170907,157267.142857143,488124,445787.285714286,12104,11157.2857142857,15,168.142857142857,903747,816408.714285714
2021-04-24,203345,201534,132830,153772.285714286,474329,454896.285714286,10153,10698.7142857143,276,203.571428571429,820940,821108.428571429
2021-04-25,130540,198996.142857143,108343,153274,473844,463213.428571429,9537,10729.1428571429,89,157.714285714286,722356,826374.285714286
2021-04-26,143861,194648.571428571,90301,150525.285714286,441599,469071.571428571,6797,10449.7142857143,222,155.428571428571,682784,824854.571428571
2021-04-27,195033,191300.142857143,149115,146642.571428571,490761,474963.285714286,9516,10364.7142857143,39,157.142857142857,844470,823432.428571429
2021-04-28,227880,192478.714285714,160957,143060,507516,479977.285714286,9524,10030,109,169.714285714286,905992,825720.571428571
2021-04-29,210683,191990.714285714,155318,138253,515885,484579.714285714,15599,10461.4285714286,112,123.142857142857,897602,825413
2021-04-30,219176,190074,131930,132684.857142857,518368,488900.285714286,9519,10092.1428571429,14,123,879014,821879.714285714
2021-05-01,176774,186278.142857143,113962,129989.428571429,497948,492274.428571429,7849,9763,142,103.857142857143,796679,818413.857142857
2021-05-02,121161,184938.285714286,69195,124396.857142857,477833,492844.285714286,6049,9264.71428571429,105,106.142857142857,674348,811555.571428571
2021-05-03,139858,184366.428571429,74326,122114.714285714,460072,495483.285714286,7255,9330.14285714286,71,84.5714285714286,681590,811385
2021-05-04,191724,183893.714285714,121050,118105.428571429,487441,495009,7181,8996.57142857143,32,83.5714285714286,807436,806094.428571429
2021-05-05,188835,178315.857142857,124512,112899,518567,496587.714285714,9276,8961.14285714286,27,71.8571428571429,841224,796841.857142857
2021-05-06,205154,177526,126068,108720.428571429,525576,497972.142857143,12790,8559.85714285714,371,108.857142857143,869972,792894.714285714
2021-05-07,199237,174677.571428571,117990,106729,505415,496121.714285714,8898,8471.14285714286,13,108.714285714286,831558,786115.285714286
2021-05-08,185145,175873.428571429,96218,104194.142857143,499140,496292,6007,8208,31,92.8571428571429,786546,784667.714285714
2021-05-09,116119,175153.142857143,59527,102813,456376,493226.714285714,9502,8701.28571428571,14,79.8571428571429,641539,779980.714285714
2021-05-10,124712,172989.428571429,68823,102026.857142857,419372,487412.428571429,8543,8885.28571428571,464,136,621929,771457.714285714
2021-05-11,179361,171223.285714286,107827,100137.857142857,443781,481175.285714286,7067,8869,426,192.285714285714,738473,761605.857142857
2021-05-12,199745,172781.857142857,97916,96338.4285714286,453031,471813,8863,8810,523,263.142857142857,760099,750016.571428571
2021-05-13,192237,170936.571428571,92831,91590.2857142857,430487,458228.857142857,9443,8331.85714285714,252,246.142857142857,725275,729345.571428571
2021-05-14,221099,174059.714285714,88986,87446.8571428571,399467,443093.428571429,8001,8203.71428571429,473,311.857142857143,718060,713131.571428571
